,max_malig,max_spiculation,max_lobulation,max_diameter,xsd_malig,xsd_spiculation,xmax_lobulation,xsd_diameter,loc_from_malig_x,loc_from_malig_y,loc_from_malig_z,std_locs_x,std_locs_y,std_locs_z
5a06ebc438b934a360a5e469a6874505.npz,0.6797057390213013,0.34900200366973877,0.39262229204177856,0.35900264978408813,0.14783020317554474,0.09075555950403214,0.39262229204177856,0.0869143158197403,0.1818181872367859,0.4518716633319855,0.28525641560554504,0.24030408263206482,0.16472554206848145,0.20398308336734772
0f5066ad16052f57aceebe9bfc248595.npz,0.7257553339004517,0.3313666880130768,0.3776122033596039,0.3479878604412079,0.15848714113235474,0.08769753575325012,0.3776122033596039,0.08447402715682983,0.3543955981731415,0.3131868243217468,0.8211920261383057,0.22979506850242615,0.1480063796043396,0.22850185632705688
19e7e49fd4e9ad825d4f95b898bb6f7b.npz,0.6968759298324585,0.35002613067626953,0.39899787306785583,0.360807865858078,0.15108153223991394,0.08881817758083344,0.39899787306785583,0.08575288951396942,0.4089552164077759,0.5044776201248169,0.40893471240997314,0.23463818430900574,0.18122214078903198,0.21661841869354248
f2ab5b6325311e494ffe3f588fdedd4d.npz,0.6505983471870422,0.34547439217567444,0.39389848709106445,0.3513142764568329,0.14959906041622162,0.09119773656129837,0.39389848709106445,0.0877516120672226,0.5669856667518616,0.5071770548820496,0.3263888955116272,0.2002711296081543,0.15778551995754242,0.20808005332946777
b37b42625992ced93aa5b876292419e0.npz,0.658009946346283,0.34621214866638184,0.38958773016929626,0.356580525636673,0.15613307058811188,0.0896097868680954,0.38958773016929626,0.08344357460737228,0.6573604345321655,0.4593908488750458,0.29909366369247437,0.20581957697868347,0.13447631895542145,0.21821193397045135
e6e9bc69bcdec893b0480402fcb0f1fe.npz,0.7101771235466003,0.33957764506340027,0.38490697741508484,0.3473702371120453,0.15311914682388306,0.08961482346057892,0.38490697741508484,0.08482779562473297,0.2666666805744171,0.5249999761581421,0.7659574747085571,0.2018546164035797,0.153589129447937,0.21539978682994843
09c4e9f449f40508e399d692fd4f986b.npz,0.6207283735275269,0.34543195366859436,0.3889208436012268,0.3569560945034027,0.14781196415424347,0.08678213506937027,0.3889208436012268,0.08346796035766602,0.19402985274791718,0.5940298438072205,0.8006535768508911,0.22024907171726227,0.16960997879505157,0.2207150012254715
9dce6c52598d38ed98b4010931db1837.npz,0.7149096131324768,0.3416975140571594,0.4007408022880554,0.3528438210487366,0.16166295111179352,0.08827177435159683,0.4007408022880554,0.08235163986682892,0.15529412031173706,0.36000001430511475,0.6597222089767456,0.18096667528152466,0.1357048898935318,0.21177582442760468
f31e47d431624a0ea59b84de044ae55e.npz,0.660078763961792,0.3400234580039978,0.38883283734321594,0.35164886713027954,0.14826953411102295,0.09028806537389755,0.38883283734321594,0.08781713247299194,0.480211079120636,0.448548823595047,0.8033333420753479,0.18311385810375214,0.14527662098407745,0.21994732320308685
f58388838d2f94a19988f2990fa7de8a.npz,0.7023791670799255,0.3476705253124237,0.39930203557014465,0.359171986579895,0.15560705959796906,0.08931092172861099,0.39930203557014465,0.08486361801624298,0.43624159693717957,0.38590604066848755,0.7591836452484131,0.25072234869003296,0.18467241525650024,0.20816858112812042
242bc4bee476ef1d7fae68b58605d468.npz,0.6611604690551758,0.33902445435523987,0.3960612118244171,0.34939298033714294,0.15346136689186096,0.09206463396549225,0.3960612118244171,0.08924707770347595,0.3125,0.26875001192092896,0.5622775554656982,0.24400977790355682,0.16656965017318726,0.22144608199596405
ccaa59eb37a705c4dc57d6f48199dc6b.npz,0.7482907772064209,0.34319716691970825,0.3881118595600128,0.3523666560649872,0.15510191023349762,0.08779739588499069,0.3881118595600128,0.08425309509038925,0.07494144886732101,0.14519906044006348,0.36094674468040466,0.20406591892242432,0.1359797716140747,0.19705361127853394
d0e799ddcb62425be06a7d568f15f27d.npz,0.7226150631904602,0.34631818532943726,0.39244383573532104,0.36025726795196533,0.15167681872844696,0.08887413889169693,0.39244383573532104,0.0854736715555191,0.5767045617103577,0.4943181872367859,0.4053156077861786,0.21909692883491516,0.15675321221351624,0.18469510972499847
700b79db14b067a50de12eb2b47dc4a8.npz,0.6436371803283691,0.3366124927997589,0.3919648826122284,0.35070642828941345,0.151938334107399,0.08941013365983963,0.3919648826122284,0.08559783548116684,0.704023003578186,0.5287356376647949,0.6130136847496033,0.23435480892658234,0.14318549633026123,0.22159074246883392
e4a5ab13581fc9decd0ce8cfed4d8ecb.npz,0.6745456457138062,0.3510335683822632,0.39467260241508484,0.3589531183242798,0.15934783220291138,0.09569258987903595,0.39467260241508484,0.09328518807888031,0.7116564512252808,0.3987730145454407,0.32740214467048645,0.20090365409851074,0.12780234217643738,0.23951353132724762
65d2f8aee03ee9e111e64856c3d5ef14.npz,0.6214793920516968,0.34579262137413025,0.3972734212875366,0.3549599349498749,0.14947070181369781,0.08875095099210739,0.3972734212875366,0.08630897104740143,0.1823529452085495,0.4882352948188782,0.8422619104385376,0.20387008786201477,0.15607915818691254,0.23745380342006683
ed43e376ff1b9dbf971e6a1d6d9f863b.npz,0.6621909141540527,0.34774142503738403,0.3997724652290344,0.3605731725692749,0.14166146516799927,0.09124640375375748,0.3997724652290344,0.08827659487724304,0.7491409182548523,0.4673539400100708,0.6285714507102966,0.24261879920959473,0.1776851862668991,0.23430390655994415
0171e54e4c0f68e8fc8c24523f71a86f.npz,0.6393817663192749,0.3374544680118561,0.38375815749168396,0.3548561632633209,0.15095649659633636,0.08936607092618942,0.38375815749168396,0.0848594531416893,0.2768361568450928,0.41807910799980164,0.5029585957527161,0.24342580139636993,0.1600418984889984,0.22380566596984863
2d46ed30e23bdf071e5d80afeeee817d.npz,0.7124893069267273,0.336694598197937,0.3851277530193329,0.34374260902404785,0.13622336089611053,0.08344274014234543,0.3851277530193329,0.08024239540100098,0.08988764137029648,0.1741573065519333,0.670487105846405,0.23674777150154114,0.17009742558002472,0.24162794649600983
142eeb50ea40e58a2529f2099040d3ea.npz,0.6161122918128967,0.34445926547050476,0.38943299651145935,0.35243654251098633,0.14975453913211823,0.09162832051515579,0.38943299651145935,0.0906590148806572,0.18644067645072937,0.4689265489578247,0.7641509175300598,0.2225465029478073,0.14747795462608337,0.21022170782089233
edde23221a8c4038f9a10daa3088ee94.npz,0.6523563861846924,0.34662264585494995,0.3907848596572876,0.35040345788002014,0.15321092307567596,0.09477153420448303,0.3907848596572876,0.09111838787794113,0.6572327017784119,0.3396226465702057,0.7377622127532959,0.21309222280979156,0.13605961203575134,0.20669883489608765
1ec3740d37c058058bf70949ba9e5766.npz,0.6726269721984863,0.3348477780818939,0.3927920162677765,0.3468550741672516,0.14686520397663116,0.08801143616437912,0.3927920162677765,0.08466851711273193,0.2369668185710907,0.3530805706977844,0.7234637141227722,0.20457050204277039,0.13497716188430786,0.2011842280626297
814cab8bde20e9e94250732cbc3e6d02.npz,0.6739468574523926,0.34445688128471375,0.4007363021373749,0.3588971197605133,0.15164124965667725,0.09502410888671875,0.4007363021373749,0.09292387962341309,0.2746666669845581,0.328000009059906,0.7621776461601257,0.2170872986316681,0.12158159166574478,0.2432078719139099
4d7c36fb4b7009d4a90fc5b6ba4609c7.npz,0.6540082097053528,0.3434949219226837,0.39993783831596375,0.35552898049354553,0.144379124045372,0.08678191900253296,0.39993783831596375,0.08469507843255997,0.6459459662437439,0.5054054260253906,0.6215277910232544,0.21225081384181976,0.16610637307167053,0.23036645352840424
335a834f795a4549ab818dd19090f147.npz,0.6266801953315735,0.3418397009372711,0.3863582909107208,0.35116779804229736,0.13397853076457977,0.08392784744501114,0.3863582909107208,0.08181764930486679,0.08888889104127884,0.08888889104127884,0.52491694688797,0.21695514023303986,0.1439976990222931,0.23487363755702972
b83d2c7d4d3fdeae1abe3a2baf19d23f.npz,0.6911023855209351,0.3437529504299164,0.40091702342033386,0.35440191626548767,0.15839143097400665,0.09314556419849396,0.40091702342033386,0.08824048936367035,0.48072561621665955,0.478458046913147,0.477477490901947,0.18208929896354675,0.14540927112102509,0.21120604872703552
99f6e5341d25a934bbfb355e8ab021d0.npz,0.6511614918708801,0.34291955828666687,0.38898882269859314,0.35934922099113464,0.1411660760641098,0.08771350234746933,0.38898882269859314,0.0837051048874855,0.18232044577598572,0.450276255607605,0.706250011920929,0.21633842587471008,0.1433844119310379,0.19647690653800964
09aec51e845d17f2ec5459b5e292abb8.npz,0.6387222409248352,0.34839367866516113,0.3936156928539276,0.35129645466804504,0.14480577409267426,0.08861428499221802,0.3936156928539276,0.08727551251649857,0.6947368383407593,0.34736841917037964,0.6477272510528564,0.19993548095226288,0.13092835247516632,0.20981799066066742
d63bcca00bf9df3d3aca0973aba7f22a.npz,0.7156893610954285,0.34966081380844116,0.39436402916908264,0.35424596071243286,0.15538570284843445,0.09253320842981339,0.39436402916908264,0.08970282971858978,0.33507853746414185,0.37172773480415344,0.748275876045227,0.19336748123168945,0.11442508548498154,0.21092921495437622
401c2a2e7ff122ec5c558089d8ae3586.npz,0.6485430002212524,0.3449647128582001,0.3930682837963104,0.358377605676651,0.1388666033744812,0.08800031989812851,0.3930682837963104,0.08677367866039276,0.3638888895511627,0.21111111342906952,0.826347291469574,0.21039310097694397,0.12099840492010117,0.23808073997497559
1eac4619a61c1bd6ad95880574cdb896.npz,0.6536305546760559,0.34510284662246704,0.3902917504310608,0.35416287183761597,0.15749233961105347,0.0909009799361229,0.3902917504310608,0.08659569919109344,0.2049180269241333,0.3237704932689667,0.692307710647583,0.17662930488586426,0.13779579102993011,0.1899246722459793
b918c187af3f13428706b91c1bbe5251.npz,0.6412230134010315,0.34329813718795776,0.3956213593482971,0.35115623474121094,0.1464780867099762,0.08742765337228775,0.3956213593482971,0.08493702858686447,0.17368420958518982,0.41842105984687805,0.586705207824707,0.22734463214874268,0.1608380526304245,0.21406178176403046
c10ee335e6d785d5765a180c2d8e9eaa.npz,0.6541057229042053,0.3400042653083801,0.3897041082382202,0.34748736023902893,0.15294736623764038,0.08577857166528702,0.3897041082382202,0.0817185640335083,0.8660436272621155,0.6355140209197998,0.2175438553094864,0.24651309847831726,0.16858026385307312,0.22499369084835052
0ba7cbccf5668379da4a78f1b12e3211.npz,0.6638286113739014,0.3460139036178589,0.3949546217918396,0.3592813313007355,0.1686696857213974,0.09239038079977036,0.3949546217918396,0.08728941529989243,0.18888889253139496,0.24444444477558136,0.5718749761581421,0.2316531389951706,0.14690716564655304,0.17951370775699615
92b36c56e89856c06ccffdf61db49ba7.npz,0.7045849561691284,0.3416917622089386,0.3905164897441864,0.3473357558250427,0.16461841762065887,0.09292047470808029,0.3905164897441864,0.08888591080904007,0.5827338099479675,0.26618704199790955,0.5685130953788757,0.19384488463401794,0.1220761239528656,0.1988956183195114
02aad899c461807ade5bde2ed3e61c09.npz,0.7385125756263733,0.34579750895500183,0.3998650908470154,0.3540017306804657,0.15302826464176178,0.09189857542514801,0.3998650908470154,0.08863813430070877,0.15662650763988495,0.3301204741001129,0.2755417823791504,0.17704905569553375,0.12301184982061386,0.17215026915073395
6451cbfc34c329168a1ecc5a103344fa.npz,0.6843977570533752,0.34265297651290894,0.39078667759895325,0.3478645086288452,0.14823037385940552,0.08855316787958145,0.39078667759895325,0.08486315608024597,0.2805555462837219,0.4166666567325592,0.7257525324821472,0.2199910283088684,0.12946702539920807,0.2038859874010086
7e7a302d89e7f88ae6d6da9ce0914d3e.npz,0.6398289799690247,0.342936635017395,0.38763538002967834,0.3508208692073822,0.14882130920886993,0.08849991858005524,0.38763538002967834,0.08759356290102005,0.6166666746139526,0.22499999403953552,0.588652491569519,0.17579501867294312,0.11602551490068436,0.18997164070606232
d9131e64fc15ee38e3e28ed97b2f1dd6.npz,0.7181602120399475,0.3443194627761841,0.39662960171699524,0.3564717769622803,0.17816409468650818,0.09095748513936996,0.39662960171699524,0.08604449778795242,0.556851327419281,0.40816327929496765,0.47547170519828796,0.21213595569133759,0.12567278742790222,0.23054426908493042
3171f8f427b1879c859dd0aac9c8a684.npz,0.7349559664726257,0.33052513003349304,0.3757302761077881,0.33374810218811035,0.17240728437900543,0.08779500424861908,0.3757302761077881,0.07983820885419846,0.6263440847396851,0.3629032373428345,0.5228070020675659,0.20633482933044434,0.1323258876800537,0.19994816184043884
4c16f378fb0331125ab6479267c18d81.npz,0.6921041011810303,0.3439389765262604,0.40083402395248413,0.35353320837020874,0.14110039174556732,0.086833156645298,0.40083402395248413,0.08547154068946838,0.3800623118877411,0.4267912805080414,0.8513513803482056,0.211567223072052,0.16391760110855103,0.23366601765155792
c65c04ff2cab8677c509abc3d14615df.npz,0.6971264481544495,0.3497507870197296,0.3977501094341278,0.3611873388290405,0.14401677250862122,0.08811620622873306,0.3977501094341278,0.0848388597369194,0.38461539149284363,0.4707692265510559,0.7142857313156128,0.21926115453243256,0.1835685670375824,0.19673828780651093
004828796b994741c4466f59a8c7e9a4.npz,0.6782859563827515,0.34102076292037964,0.3856126368045807,0.34055250883102417,0.15225078165531158,0.08800812065601349,0.3856126368045807,0.08558347821235657,0.26829269528388977,0.2953929603099823,0.7525083422660828,0.23091407120227814,0.13732989132404327,0.2039957046508789
8cf3958a0f44f1bd68da05028a562274.npz,0.6614094376564026,0.3429113030433655,0.38950449228286743,0.3491612672805786,0.16110676527023315,0.09301480650901794,0.38950449228286743,0.08895561844110489,0.10191082954406738,0.10191082954406738,0.6111111044883728,0.20210391283035278,0.1363285779953003,0.22542501986026764
4434c5c933b67ce29d62b2556ebd4b0d.npz,0.6013514995574951,0.3510701060295105,0.3955715000629425,0.35738763213157654,0.1345970183610916,0.08515852689743042,0.3955715000629425,0.08471770584583282,0.27077749371528625,0.08579088747501373,0.6204819083213806,0.2132229208946228,0.15383441746234894,0.23170138895511627
5b64bb88d6f09b8c3c39966ab3464146.npz,0.6777051687240601,0.3435739576816559,0.38900476694107056,0.3576403260231018,0.1406056135892868,0.08767140656709671,0.38900476694107056,0.08504215627908707,0.28611111640930176,0.24166665971279144,0.6481481194496155,0.2272842675447464,0.15374360978603363,0.24455876648426056
555cf9806b55fa87450dc51e8e72d864.npz,0.6799566745758057,0.34597429633140564,0.3984571397304535,0.3540741801261902,0.1502634584903717,0.08837433904409409,0.3984571397304535,0.08711975067853928,0.7717717885971069,0.44744744896888733,0.10526315867900848,0.2212754338979721,0.13960310816764832,0.20029263198375702
d1a28c25b21ebca8bfcf0b5dff0481a1.npz,0.6866682171821594,0.348561555147171,0.3942405581474304,0.3607903718948364,0.15669861435890198,0.08835392445325851,0.3942405581474304,0.08464032411575317,0.23148147761821747,0.3958333432674408,0.6843658089637756,0.19854985177516937,0.14105086028575897,0.18394692242145538
20774c80e3115fdee3fb6d074dc90b34.npz,0.6465242505073547,0.3512939214706421,0.39545580744743347,0.3593780994415283,0.15575183928012848,0.09517067670822144,0.39545580744743347,0.09149912744760513,0.2149837166070938,0.5635179281234741,0.8233082890510559,0.2522299289703369,0.1753488928079605,0.229228675365448
cf7afab6741f4175c6aae2536749b89f.npz,0.724953830242157,0.3441101908683777,0.389118492603302,0.3514500558376312,0.15891292691230774,0.09377957135438919,0.389118492603302,0.0916760116815567,0.5699999928474426,0.44999998807907104,0.45288753509521484,0.21349605917930603,0.1695544719696045,0.17700210213661194
9f6c458b4276ddbc0ebaa374037bb099.npz,0.6661491394042969,0.32631009817123413,0.36048424243927,0.3309895396232605,0.15359856188297272,0.08114657551050186,0.36048424243927,0.07519517838954926,0.7289972901344299,0.3685636818408966,0.41721853613853455,0.2076314240694046,0.1410944163799286,0.19541344046592712
dc04811c9ca21c9373c76efd83436797.npz,0.740259051322937,0.3458871841430664,0.39950957894325256,0.35932546854019165,0.1502092331647873,0.08922167867422104,0.39950957894325256,0.086979441344738,0.26050421595573425,0.22689075767993927,0.6380952596664429,0.19618523120880127,0.13944073021411896,0.23806558549404144
1c9a8b9ee193c5f967c6299e961e3dac.npz,0.6896084547042847,0.34395650029182434,0.3994353115558624,0.3561268448829651,0.106550432741642,0.08438722044229507,0.3994353115558624,0.08598034828901291,0.25526314973831177,0.15263158082962036,0.27619048953056335,0.2222181111574173,0.13368958234786987,0.19530148804187775
e985b90eb33171a65abee8564aa1b4d5.npz,0.6491808891296387,0.3360103666782379,0.38046690821647644,0.3514840304851532,0.15605786442756653,0.09109503030776978,0.38046690821647644,0.08805067092180252,0.5917874574661255,0.4106280207633972,0.662420392036438,0.19499048590660095,0.14306898415088654,0.18235379457473755
c0a7764f92c01efde9aa6312250be3a4.npz,0.6600558757781982,0.3469390273094177,0.3957866132259369,0.36102294921875,0.1534380167722702,0.09367085993289948,0.3957866132259369,0.0930345356464386,0.16944444179534912,0.40833333134651184,0.5164473652839661,0.1885932832956314,0.1300392895936966,0.2259976714849472
5b162effadb4b71d97cc48f0d3472d1f.npz,0.729432225227356,0.34550172090530396,0.39168140292167664,0.35705795884132385,0.14805857837200165,0.09710293263196945,0.39168140292167664,0.09689220041036606,0.29022082686424255,0.44794952869415283,0.7657342553138733,0.2162635624408722,0.13756918907165527,0.21278010308742523
8bb78b08c671f1c52d03d29f56997640.npz,0.7065286040306091,0.34138867259025574,0.39977917075157166,0.3512614369392395,0.1585405021905899,0.08969100564718246,0.39977917075157166,0.08709034323692322,0.08101265877485275,0.298734188079834,0.21088434755802155,0.17593637108802795,0.1348865032196045,0.19722560048103333
30d4b625a0901a6963e5fd7521aa6cfe.npz,0.6507855653762817,0.3504626452922821,0.39752766489982605,0.36114537715911865,0.14354804158210754,0.0900060310959816,0.39752766489982605,0.08853840082883835,0.7687861323356628,0.39306357502937317,0.2954545319080353,0.2224101424217224,0.14907722175121307,0.23262682557106018
72f1465b74aef9c003bb28ee55c0101d.npz,0.6981249451637268,0.33770519495010376,0.3834216594696045,0.3479149639606476,0.1479552686214447,0.08304866403341293,0.3834216594696045,0.07969225943088531,0.19871795177459717,0.40705129504203796,0.8333333134651184,0.22222594916820526,0.1515902876853943,0.23451437056064606
395904459eb2402ab5b1ad22b666f931.npz,0.7560768127441406,0.34031063318252563,0.38610413670539856,0.34684687852859497,0.14916537702083588,0.08945264667272568,0.38610413670539856,0.08627547323703766,0.5670886039733887,0.49873417615890503,0.48239436745643616,0.20668990910053253,0.156374990940094,0.1810237318277359
789503ce9fceedc4a7b21f939b40ed82.npz,0.6677575707435608,0.3500993847846985,0.39972323179244995,0.3614071309566498,0.15060722827911377,0.09557405859231949,0.39972323179244995,0.0939064472913742,0.7553516626358032,0.5351681709289551,0.1122807040810585,0.21664796769618988,0.1442410796880722,0.21348631381988525
c69b8fbe155444085faa2d8a77fa2077.npz,0.7419580817222595,0.33794790506362915,0.3960705101490021,0.3512832224369049,0.18037371337413788,0.0836392194032669,0.3960705101490021,0.07709985971450806,0.5361111164093018,0.4555555582046509,0.3448275923728943,0.20499373972415924,0.14667971432209015,0.2169697880744934
ae4bae7fb7dad1eacb965458d2dfd660.npz,0.7076429724693298,0.343307226896286,0.40062031149864197,0.3547040522098541,0.1724061369895935,0.08936231583356857,0.40062031149864197,0.08360492438077927,0.1744791716337204,0.1432291716337204,0.3658536672592163,0.2104591727256775,0.11566505581140518,0.17612409591674805
5df13e26655687c40cfb724cffc27255.npz,0.621709406375885,0.34419795870780945,0.3896258771419525,0.3593229353427887,0.15069276094436646,0.08438290655612946,0.3896258771419525,0.08113093674182892,0.24664878845214844,0.6166219711303711,0.3711656332015991,0.17772959172725677,0.17627468705177307,0.2068585604429245
75c259b9ba8c64cb366a312a66b5b91b.npz,0.7384299635887146,0.3507382571697235,0.3969392776489258,0.3586709499359131,0.15058839321136475,0.08814286440610886,0.3969392776489258,0.0872299000620842,0.3199999928474426,0.389090895652771,0.7833333611488342,0.23405365645885468,0.1543400138616562,0.21985788643360138
0504cf4053de140cf882df042ce79372.npz,0.6483398079872131,0.3443446755409241,0.3875764012336731,0.345197468996048,0.1487799882888794,0.08985061198472977,0.3875764012336731,0.086165651679039,0.19061583280563354,0.3841642141342163,0.7094594836235046,0.22421015799045563,0.1456473469734192,0.22244854271411896
96d7963166a20e337dae6f96c1893774.npz,0.7349497675895691,0.3359493613243103,0.3912949562072754,0.34002745151519775,0.14197644591331482,0.086524099111557,0.3912949562072754,0.08377325534820557,0.4000000059604645,0.2531645596027374,0.47133758664131165,0.18297432363033295,0.11432352662086487,0.21125027537345886
7b034eb9bbe47e3bab530d4b54c28995.npz,0.6880698800086975,0.34940439462661743,0.39650166034698486,0.3616991639137268,0.15250641107559204,0.08710266649723053,0.39650166034698486,0.08395374566316605,0.5943877696990967,0.3469387888908386,0.81144779920578,0.19663254916667938,0.13090617954730988,0.22486577928066254
7684fc6976d0e1acaeb3a9a5a7a5c7c7.npz,0.6757588386535645,0.3438633978366852,0.39367222785949707,0.3479548990726471,0.1629467010498047,0.0901884138584137,0.39367222785949707,0.08501069247722626,0.23582766950130463,0.32199546694755554,0.515625,0.21268482506275177,0.12278939038515091,0.22692875564098358
c640f21683d450142233e071a413aac1.npz,0.6437545418739319,0.3435560166835785,0.3881318271160126,0.3514207899570465,0.14877252280712128,0.09159114211797714,0.3881318271160126,0.0893888846039772,0.20000000298023224,0.17499999701976776,0.5467032790184021,0.22826378047466278,0.1444573998451233,0.2073693722486496
4e89f25452c29ce839596c9297452eac.npz,0.6615414619445801,0.346666157245636,0.39517831802368164,0.3536485731601715,0.14891751110553741,0.09482071548700333,0.39517831802368164,0.09455806761980057,0.25797873735427856,0.3404255211353302,0.2680722773075104,0.1999608278274536,0.12626749277114868,0.19547168910503387
b562506ce57553fd712f727b64202b61.npz,0.6253335475921631,0.34655651450157166,0.3896515965461731,0.35703617334365845,0.14975658059120178,0.09017587453126907,0.3896515965461731,0.0864611268043518,0.4023323655128479,0.34110787510871887,0.4396551847457886,0.2340327650308609,0.17477424442768097,0.19016344845294952
91b695914bf76d9672108290d7b9b8a0.npz,0.6918443441390991,0.3468000590801239,0.39273667335510254,0.35931622982025146,0.1506427824497223,0.08619865030050278,0.39273667335510254,0.08431049436330795,0.5025380849838257,0.38832488656044006,0.47560974955558777,0.21554173529148102,0.15056556463241577,0.2119356393814087
753ee50e96669a3e3321a360c4fca7d2.npz,0.7159672379493713,0.34505680203437805,0.3927089273929596,0.35306698083877563,0.1723974496126175,0.09067514538764954,0.3927089273929596,0.0856451690196991,0.2612137198448181,0.49076518416404724,0.3034055829048157,0.1999729722738266,0.15513460338115692,0.22613827884197235
39263559a35c477050013c80085e0301.npz,0.6639097332954407,0.3439478874206543,0.3898715078830719,0.34904587268829346,0.15171733498573303,0.0907946303486824,0.3898715078830719,0.08776374161243439,0.09329446405172348,0.09329446405172348,0.5559440851211548,0.21791093051433563,0.13616825640201569,0.21950942277908325
f619be5384b06c6bec33c009cb0f055b.npz,0.7121805548667908,0.3489435315132141,0.4005871117115021,0.3554089069366455,0.14947839081287384,0.0872473269701004,0.4005871117115021,0.08472375571727753,0.22911694645881653,0.28400954604148865,0.8419243693351746,0.17406265437602997,0.1022285744547844,0.23531240224838257
12656cf56654f1ae8e920856ac9fc97c.npz,0.7195075154304504,0.33734020590782166,0.383346289396286,0.3546033501625061,0.15931907296180725,0.08947993069887161,0.383346289396286,0.08366407454013824,0.6282722353935242,0.3193717300891876,0.30882352590560913,0.17840832471847534,0.15064731240272522,0.1844954490661621
370f849df7e2b4570548158dfc63a90c.npz,0.6646168828010559,0.3449805676937103,0.3970244824886322,0.3597244322299957,0.14706028997898102,0.08913262188434601,0.3970244824886322,0.08907970041036606,0.21724137663841248,0.3689655065536499,0.6031249761581421,0.24298717081546783,0.1736389696598053,0.2201014757156372
4b1e5ed061a8a2dc64d212584e1d6a4c.npz,0.6747245788574219,0.34677883982658386,0.3923850953578949,0.36020734906196594,0.14896538853645325,0.09021162986755371,0.3923850953578949,0.08667091280221939,0.6531791687011719,0.5982658863067627,0.3234323561191559,0.23556336760520935,0.19101373851299286,0.2335841953754425
3114085d28af476d88ae86ac98102eb6.npz,0.6300655603408813,0.34473830461502075,0.3875236511230469,0.3576308488845825,0.15911047160625458,0.0884709507226944,0.3875236511230469,0.083869569003582,0.19263456761837006,0.4645892381668091,0.6258741021156311,0.22818587720394135,0.14487017691135406,0.1987592726945877
20a3f01b7dca2a100dd61bb4ed8145a3.npz,0.6743651628494263,0.3446631133556366,0.39672794938087463,0.3516726493835449,0.14239166676998138,0.08608213067054749,0.39672794938087463,0.08276762813329697,0.7444444298744202,0.5472221970558167,0.6045751571655273,0.23603884875774384,0.17233765125274658,0.21710462868213654
c52e392d91dbb369308c95214a26bbed.npz,0.6990395784378052,0.3340478837490082,0.37855425477027893,0.330583393573761,0.15807700157165527,0.08677684515714645,0.37855425477027893,0.08200228959321976,0.7617647051811218,0.36176469922065735,0.4166666567325592,0.2199091762304306,0.1338742971420288,0.2305913269519806
a65e16100e362301faf3a14c4a12d8f6.npz,0.6829408407211304,0.3442537784576416,0.39492684602737427,0.359334260225296,0.15896670520305634,0.0924396812915802,0.39492684602737427,0.08894359320402145,0.29532164335250854,0.4356725215911865,0.6387096643447876,0.22890183329582214,0.17366169393062592,0.23336058855056763
691f4dee0daa3a348c42d650f37e6a8e.npz,0.7002085447311401,0.34753891825675964,0.3952832818031311,0.36083710193634033,0.1527860462665558,0.09126733243465424,0.3952832818031311,0.08788423985242844,0.16543209552764893,0.4345678985118866,0.27710843086242676,0.21760299801826477,0.13817338645458221,0.19684766232967377
7d1ac3893774add9b340a7d35891261d.npz,0.6320080757141113,0.3452896177768707,0.3961856961250305,0.3586113154888153,0.13633784651756287,0.08366980403661728,0.3961856961250305,0.07907909899950027,0.8025640845298767,0.528205156326294,0.28703704476356506,0.22461549937725067,0.17756696045398712,0.20745453238487244
ad677d927dbfdca141d5f5e990301867.npz,0.6732958555221558,0.34074652194976807,0.38710469007492065,0.3416095972061157,0.13902920484542847,0.08379242569208145,0.38710469007492065,0.08041701465845108,0.2971428632736206,0.3257142901420593,0.3968749940395355,0.2359098494052887,0.1722010374069214,0.21975305676460266
dffa73c8f116400a9db317cedb1c355a.npz,0.6677672266960144,0.34999749064445496,0.39686888456344604,0.35745516419410706,0.1486818790435791,0.0852346196770668,0.39686888456344604,0.0812363401055336,0.16067145764827728,0.32613909244537354,0.6392857432365417,0.191859170794487,0.12144790589809418,0.2041269987821579
d9152daa459930defd9106d3fdb8e57c.npz,0.7262464761734009,0.347728967666626,0.39346063137054443,0.36074504256248474,0.16906733810901642,0.09284663945436478,0.39346063137054443,0.08731047809123993,0.6613333225250244,0.31466665863990784,0.2152777761220932,0.18783211708068848,0.11410590261220932,0.21078258752822876
951cb7ff32666ac91dd95968af53e3dc.npz,0.6342891454696655,0.35041409730911255,0.39587071537971497,0.35951340198516846,0.14014336466789246,0.08822893351316452,0.39587071537971497,0.08619146049022675,0.219730943441391,0.29820626974105835,0.3516819477081299,0.1654927283525467,0.11301402002573013,0.19074322283267975
00f6c1bd02eb49e3d8dbfc7d957a709e.npz,0.7229105234146118,0.34691816568374634,0.392021507024765,0.3591223955154419,0.1396912932395935,0.08323642611503601,0.392021507024765,0.0785948634147644,0.19148936867713928,0.4620060920715332,0.7873753905296326,0.21617302298545837,0.144563689827919,0.22091476619243622
8a676633a1fc178be886b040427d5b36.npz,0.6641992926597595,0.34303370118141174,0.389170378446579,0.3477921187877655,0.143046572804451,0.08645758777856827,0.389170378446579,0.08219527453184128,0.2222222238779068,0.27314814925193787,0.7411444187164307,0.19230058789253235,0.13077576458454132,0.2037874013185501
7513342e12f6ff612403693c7fbf3cdc.npz,0.6587232947349548,0.34096333384513855,0.3850459158420563,0.3428305983543396,0.14507977664470673,0.08644647151231766,0.3850459158420563,0.08279410749673843,0.2013888955116272,0.2847222089767456,0.3166666626930237,0.14608681201934814,0.10466044396162033,0.2102687656879425
65c63981709f8f86555dce488900dcd3.npz,0.7064507603645325,0.3466735780239105,0.3960064649581909,0.3538877069950104,0.14928601682186127,0.0885448083281517,0.3960064649581909,0.08660712093114853,0.11034482717514038,0.2827586233615875,0.6720778942108154,0.2389412224292755,0.16974987089633942,0.20980925858020782
a8c76017449033cfff49bf517b22b2fa.npz,0.6998389363288879,0.348903089761734,0.39481398463249207,0.36111173033714294,0.16003654897212982,0.09038323163986206,0.39481398463249207,0.08529208600521088,0.3777777850627899,0.375,0.8642383813858032,0.21786615252494812,0.14208266139030457,0.23095157742500305
b04659303dbb3fa122036e85ddd11fbe.npz,0.6642827987670898,0.3506637513637543,0.39792105555534363,0.36165326833724976,0.13907253742218018,0.0893981084227562,0.39792105555534363,0.08689291030168533,0.6636085510253906,0.35779815912246704,0.485049843788147,0.21668094396591187,0.17276564240455627,0.21434473991394043
71fb08e5d63e2ad9f7bf90db6cb6e4ce.npz,0.616367757320404,0.3514377474784851,0.3970035910606384,0.3604619801044464,0.13933247327804565,0.08334589004516602,0.3970035910606384,0.07853860408067703,0.23113207519054413,0.5330188870429993,0.3644578456878662,0.1967477649450302,0.16843150556087494,0.19499893486499786
db8e5fe2c0c7e92db6cac98df51c3802.npz,0.7794275879859924,0.34285685420036316,0.389221727848053,0.3592106103897095,0.15620212256908417,0.09097563475370407,0.389221727848053,0.087793730199337,0.5843750238418579,0.4906249940395355,0.20945945382118225,0.22175049781799316,0.15547731518745422,0.19899283349514008
347539ba092da9aed8a3d09fb619a2d0.npz,0.6066034436225891,0.34489306807518005,0.39116570353507996,0.3552485406398773,0.14241348206996918,0.08715624362230301,0.39116570353507996,0.08350548893213272,0.7016317248344421,0.48018649220466614,0.670769214630127,0.22279390692710876,0.1621212661266327,0.2072424590587616
12606f5539b09c7f1a857b8c11702b2a.npz,0.6999878287315369,0.3458092212677002,0.3916156589984894,0.3567432463169098,0.16731958091259003,0.08761188387870789,0.3916156589984894,0.08272942900657654,0.21786493062973022,0.3921568691730499,0.436923086643219,0.18966738879680634,0.1266566663980484,0.19013576209545135
0e7eef8d0ccfdd8a67be5363043a8d5f.npz,0.765585720539093,0.34760406613349915,0.3940599262714386,0.36091360449790955,0.1608237326145172,0.08568678051233292,0.3940599262714386,0.0802878886461258,0.7096773982048035,0.5134408473968506,0.4738461673259735,0.2311103343963623,0.1643964797258377,0.2068459689617157
97434189865e083f8f553e3a922b927a.npz,0.6474975347518921,0.3501185476779938,0.39704349637031555,0.35709625482559204,0.1512805074453354,0.09263317286968231,0.39704349637031555,0.09093212336301804,0.7785235047340393,0.5939597487449646,0.5450819730758667,0.25335612893104553,0.191984623670578,0.20325729250907898
3bffdbca42e100071266900c0fc448a2.npz,0.6761748194694519,0.3438364863395691,0.39236363768577576,0.35383281111717224,0.16525304317474365,0.08916058391332626,0.39236363768577576,0.08275031298398972,0.5410256385803223,0.23333333432674408,0.671875,0.20611706376075745,0.14995047450065613,0.2089649736881256
60f3a7a872f76dcde1ef5560ffd447d0.npz,0.6194139719009399,0.3464261293411255,0.39624419808387756,0.3610386848449707,0.15190093219280243,0.08821539580821991,0.39624419808387756,0.08292173594236374,0.6205882430076599,0.4058823585510254,0.6591760516166687,0.20019122958183289,0.15460138022899628,0.21382708847522736
91541739b4a106e5481a6156c5b3cfbb.npz,0.6704916954040527,0.35102373361587524,0.3971428871154785,0.3618570566177368,0.1526382863521576,0.09289096295833588,0.3971428871154785,0.09200267493724823,0.20469798147678375,0.2751677930355072,0.7386759519577026,0.22295621037483215,0.14188997447490692,0.20601467788219452
0e05c8ea097f32da5e0420b7988c8c01.npz,0.7520490884780884,0.3498917818069458,0.399029016494751,0.3569815158843994,0.15240423381328583,0.09503830969333649,0.399029016494751,0.09459172934293747,0.4121621549129486,0.3952702581882477,0.4486691951751709,0.2338726818561554,0.14383475482463837,0.21568575501441956
5939becdf1bce96a1f582a3f30670a04.npz,0.6903766989707947,0.3372504711151123,0.37929266691207886,0.3459315896034241,0.14439445734024048,0.0856117308139801,0.37929266691207886,0.08284112811088562,0.09846153855323792,0.17230768501758575,0.6801470518112183,0.2052878886461258,0.14707474410533905,0.2210037261247635
c8690d3efb5cbfcb9f2871fe19a3b32f.npz,0.6859340071678162,0.3385278582572937,0.383867472410202,0.34527409076690674,0.15818724036216736,0.09265875816345215,0.383867472410202,0.09115072339773178,0.16759777069091797,0.3938547372817993,0.4142259359359741,0.1811535507440567,0.1507527083158493,0.18523342907428741
375d9053901012538eec892df7095761.npz,0.6400691270828247,0.34627220034599304,0.394899845123291,0.34983399510383606,0.1331368088722229,0.08190612494945526,0.394899845123291,0.08043625205755234,0.17499999701976776,0.29722222685813904,0.37383177876472473,0.16987276077270508,0.11836596578359604,0.18252027034759521
0253545cc6415a055faad7192f31a1ca.npz,0.6483449935913086,0.34281736612319946,0.3885250985622406,0.3541477918624878,0.15176168084144592,0.08820842951536179,0.3885250985622406,0.08476290851831436,0.34015345573425293,0.4475703239440918,0.7448071241378784,0.2207060307264328,0.14700941741466522,0.23681329190731049
0f704d66a922144905e4318d7cf45aa0.npz,0.7243364453315735,0.35030612349510193,0.3964017629623413,0.35638394951820374,0.1503562182188034,0.0905100479722023,0.3964017629623413,0.0885939970612526,0.28742516040802,0.16167664527893066,0.6319444179534912,0.21957872807979584,0.13405616581439972,0.20698226988315582
e9a6d8a176b8a3dba1014cda189afd36.npz,0.6821017265319824,0.34207749366760254,0.390546590089798,0.3588583469390869,0.14704613387584686,0.08933217823505402,0.390546590089798,0.08643368631601334,0.09609609842300415,0.56456458568573,0.43214285373687744,0.24033404886722565,0.17494572699069977,0.22941800951957703
01cb8771b8da81fc4a7cc48595832523.npz,0.6133043169975281,0.33851683139801025,0.38156771659851074,0.3502192795276642,0.14456257224082947,0.08723124116659164,0.38156771659851074,0.08468441665172577,0.08510638028383255,0.40159574151039124,0.8262194991111755,0.23372554779052734,0.16688098013401031,0.2272762805223465
dae65115273e56cd2b9c7a5a431f9aec.npz,0.6847618222236633,0.3479887843132019,0.3911490738391876,0.3542962074279785,0.14885064959526062,0.08989383280277252,0.3911490738391876,0.0882890522480011,0.6745561957359314,0.48520711064338684,0.30434781312942505,0.2232559621334076,0.1550983041524887,0.19520927965641022
aa070ed19af0fad480a807b75e0a816b.npz,0.6405355334281921,0.3428303599357605,0.3912697434425354,0.34395650029182434,0.14486846327781677,0.08652352541685104,0.3912697434425354,0.08385838568210602,0.08888889104127884,0.2888889014720917,0.8367347121238708,0.19843561947345734,0.13362054526805878,0.2296690046787262
6804d8d3bfec4bfe952878ffe6e09e73.npz,0.661861777305603,0.34693872928619385,0.38922274112701416,0.35409969091415405,0.1510956883430481,0.09247681498527527,0.38922274112701416,0.09056813269853592,0.606951892375946,0.3288770020008087,0.6341463327407837,0.1992969661951065,0.12038524448871613,0.20418624579906464
dd3059f9f7293654b627ea5f124c59b9.npz,0.7037996649742126,0.3432462811470032,0.39172977209091187,0.35889673233032227,0.15305858850479126,0.09039975702762604,0.39172977209091187,0.0883970782160759,0.2906976640224457,0.5348837375640869,0.20923076570034027,0.22675484418869019,0.14668163657188416,0.2481597661972046
e6caff0cb14de3c50ee033fbd37930ac.npz,0.6852514147758484,0.3465271294116974,0.39262932538986206,0.36032360792160034,0.15411190688610077,0.09090517461299896,0.39262932538986206,0.0882498100399971,0.19374999403953552,0.24062499403953552,0.7226277589797974,0.1864945888519287,0.14097924530506134,0.2002316564321518
f25d655012762acc9898a41b29e008e3.npz,0.6551891565322876,0.34869885444641113,0.3957761228084564,0.36146289110183716,0.14214351773262024,0.08726933598518372,0.3957761228084564,0.08427237719297409,0.6033653616905212,0.48798078298568726,0.42809364199638367,0.1976580023765564,0.15288610756397247,0.2086046040058136
331a22ebf2241b692e0038ec43ceefd3.npz,0.7364853620529175,0.33583131432533264,0.3889850676059723,0.3447568416595459,0.17641772329807281,0.08550434559583664,0.3889850676059723,0.07891372591257095,0.44539615511894226,0.35546037554740906,0.35326087474823,0.17172186076641083,0.11376700550317764,0.20601408183574677
c46981692786a307ccf1142256370f87.npz,0.764265239238739,0.34157878160476685,0.38629668951034546,0.3533112108707428,0.16076408326625824,0.09077391773462296,0.38629668951034546,0.08629339933395386,0.5944444537162781,0.4694444537162781,0.5460993051528931,0.2300550490617752,0.15275436639785767,0.20940031111240387
a7cd3504885992799118f0c0068a1ed4.npz,0.6740390062332153,0.3394167721271515,0.384465754032135,0.3526104688644409,0.1506466120481491,0.08975495398044586,0.384465754032135,0.08669136464595795,0.2634408473968506,0.4811827838420868,0.8432055711746216,0.22799570858478546,0.15314973890781403,0.2305363565683365
dc8599e530bc81a46b2d400022490db9.npz,0.6079639196395874,0.3429052531719208,0.4009517729282379,0.35368964076042175,0.1432521641254425,0.09134133905172348,0.4009517729282379,0.08958208560943604,0.09384164214134216,0.40762463212013245,0.7020547986030579,0.23099389672279358,0.15428468585014343,0.22141408920288086
db9c626391696ea11bb2522df6fd5fae.npz,0.7195813059806824,0.34479084610939026,0.3912975788116455,0.35116368532180786,0.1568475365638733,0.0898459181189537,0.3912975788116455,0.08684318512678146,0.6899999976158142,0.22750000655651093,0.20967741310596466,0.22006842494010925,0.16489464044570923,0.23437586426734924
db63bcc5f04a99f5290711f8f618732d.npz,0.6407032012939453,0.3357650637626648,0.39442378282546997,0.3464968502521515,0.1410180926322937,0.08344096690416336,0.39442378282546997,0.07980753481388092,0.4196428656578064,0.586309552192688,0.4285714328289032,0.24716956913471222,0.18393541872501373,0.2405456155538559
1ad3aba8f62816a864078e030a6fd6dc.npz,0.6901870965957642,0.34749728441238403,0.39304113388061523,0.36050355434417725,0.1496359258890152,0.0856514647603035,0.39304113388061523,0.0829029232263565,0.802395224571228,0.3772455155849457,0.4025973975658417,0.23148521780967712,0.13983862102031708,0.22508996725082397
ff34734e135192a75838d18e870bec86.npz,0.6508950591087341,0.3451007306575775,0.4005727469921112,0.3552236557006836,0.14313113689422607,0.08714710921049118,0.4005727469921112,0.08514536917209625,0.08719345927238464,0.1634877324104309,0.21212121844291687,0.23464319109916687,0.15126851201057434,0.2339620739221573
d82af7a99fb96b2df37b4a0db270795f.npz,0.6803393363952637,0.34557661414146423,0.389920175075531,0.35405823588371277,0.15165112912654877,0.08758646249771118,0.389920175075531,0.08312839269638062,0.26486486196517944,0.4216216206550598,0.8366013169288635,0.2265622466802597,0.15247692167758942,0.22835978865623474
edad5e439ba696b89872f6b9af10cba0.npz,0.7136292457580566,0.34103772044181824,0.38542333245277405,0.3449782431125641,0.16379006206989288,0.09265117347240448,0.38542333245277405,0.08827996999025345,0.4237288236618042,0.345762699842453,0.8586207032203674,0.24012435972690582,0.1559523493051529,0.24040405452251434
8e419f7a45b6b7292d0b06a1980eb1b0.npz,0.6783124208450317,0.347495436668396,0.3981437385082245,0.35967981815338135,0.1522342711687088,0.08927538990974426,0.3981437385082245,0.08554921299219131,0.26944443583488464,0.39444443583488464,0.5483871102333069,0.2062579244375229,0.12184128165245056,0.2168780118227005
7222c0c84f4355592dd5447e709157bd.npz,0.7156394720077515,0.3431309759616852,0.38980939984321594,0.3593999147415161,0.1528158187866211,0.09592922031879425,0.38980939984321594,0.09503912925720215,0.5876010656356812,0.5256064534187317,0.44014084339141846,0.19086094200611115,0.1435919851064682,0.16152550280094147
e7df00dcfea4ce7c8c40f66a526a4aa9.npz,0.6691336035728455,0.33948472142219543,0.39121925830841064,0.3487001359462738,0.1563577502965927,0.09228596091270447,0.39121925830841064,0.0883912518620491,0.7055016160011292,0.5016181468963623,0.36734694242477417,0.23238031566143036,0.15860529243946075,0.23229177296161652
64234780b8febcc6b0971d7f0a2d58f8.npz,0.6450904011726379,0.34849119186401367,0.3991808295249939,0.35956332087516785,0.16048896312713623,0.09522707760334015,0.3991808295249939,0.09243205934762955,0.29003021121025085,0.4441087543964386,0.8247734308242798,0.2498217225074768,0.1964368373155594,0.21398063004016876
1e09fb7be5eb41926f63aa3792220f9c.npz,0.6796348094940186,0.34165623784065247,0.3887302577495575,0.35475754737854004,0.1545853316783905,0.09078211337327957,0.3887302577495575,0.08804555982351303,0.26628896594047546,0.47025495767593384,0.522580623626709,0.20066191256046295,0.15118783712387085,0.23140354454517365
99dabf11a7fa1a27f9fbac388b6bb7ce.npz,0.6614686846733093,0.33566462993621826,0.3834233582019806,0.3487393260002136,0.14837299287319183,0.09252340346574783,0.3834233582019806,0.09088639169931412,0.10810811072587967,0.3547297418117523,0.3115941882133484,0.21406006813049316,0.16403836011886597,0.19625981152057648
d8074dffb2bb488356da89906fa4923e.npz,0.6346707940101624,0.3368052542209625,0.39194443821907043,0.34605807065963745,0.14006617665290833,0.0848703533411026,0.39194443821907043,0.08057062327861786,0.19230769574642181,0.5325443744659424,0.27941176295280457,0.22405633330345154,0.17283712327480316,0.21051806211471558
c5048b20e33f27e18baa8bc94deef662.npz,0.6521018743515015,0.3497880697250366,0.39886149764060974,0.360066682100296,0.1501317024230957,0.09071565419435501,0.39886149764060974,0.08682617545127869,0.2886297404766083,0.5976676344871521,0.18465909361839294,0.22519740462303162,0.16243012249469757,0.23482497036457062
fa39e1bdcb286b9161c867cd51d7bbbd.npz,0.6356473565101624,0.3509520888328552,0.3958173096179962,0.361330509185791,0.14815641939640045,0.09087484329938889,0.3958173096179962,0.08910632133483887,0.1986754983663559,0.3576158881187439,0.7364864945411682,0.21436086297035217,0.14295503497123718,0.20827290415763855
ac7493533e667b077b7180642fb1dc4d.npz,0.7329325675964355,0.34425845742225647,0.3892699182033539,0.3518260717391968,0.1654408574104309,0.09244739264249802,0.3892699182033539,0.08673523366451263,0.17789757251739502,0.48787063360214233,0.3308270573616028,0.23249511420726776,0.15477867424488068,0.2062530219554901
c09b3be8e13dccda25ccff1c0abe7c45.npz,0.6961033344268799,0.34921470284461975,0.3958638310432434,0.3614691197872162,0.15111203491687775,0.09020634740591049,0.3958638310432434,0.08698531985282898,0.07920791953802109,0.16584157943725586,0.5459057092666626,0.23495441675186157,0.18836140632629395,0.24262696504592896
8e67429799e9b385f9dde969aaded195.npz,0.681266188621521,0.34621089696884155,0.40033581852912903,0.35922881960868835,0.15320312976837158,0.08951406180858612,0.40033581852912903,0.08703223615884781,0.5361111164093018,0.41111111640930176,0.6976743936538696,0.2043960839509964,0.15763799846172333,0.22571998834609985
c4a4a83e2ebb159ba9f76249b32366dd.npz,0.7094487547874451,0.3478427827358246,0.3961297571659088,0.3608434498310089,0.16309185326099396,0.08506405353546143,0.3961297571659088,0.07948970049619675,0.48792269825935364,0.37922704219818115,0.2068965584039688,0.1867394596338272,0.13028723001480103,0.21713833510875702
1695fee1f1dcac0094ddcd0c4a5d78a5.npz,0.695566713809967,0.34292834997177124,0.3866223692893982,0.3464536964893341,0.15720364451408386,0.0880255177617073,0.3866223692893982,0.083472840487957,0.19090908765792847,0.47575756907463074,0.34074074029922485,0.21093963086605072,0.1508452296257019,0.22126740217208862
f68e914a9970ec8ecc17b479f9c30e69.npz,0.6932054162025452,0.3497159779071808,0.3984001576900482,0.3580031991004944,0.16021841764450073,0.0940013974905014,0.3984001576900482,0.089834064245224,0.17486338317394257,0.4781420826911926,0.503496527671814,0.2265053242444992,0.15455256402492523,0.21295864880084991
ff910f590b8d19dbc135d69a4bb6dc3e.npz,0.6729677319526672,0.3449426591396332,0.39630401134490967,0.3602704405784607,0.14303049445152283,0.08809846639633179,0.39630401134490967,0.08690255135297775,0.29491525888442993,0.10847457498311996,0.5960264801979065,0.21436896920204163,0.1352311372756958,0.222690150141716
a59a4d0518786ac8ab13081238dd0757.npz,0.6894413232803345,0.3492685556411743,0.3976036310195923,0.3592976927757263,0.16009876132011414,0.09338017553091049,0.3976036310195923,0.09113521128892899,0.24938875436782837,0.07823961228132248,0.37419354915618896,0.21689508855342865,0.13764075934886932,0.19991424679756165
446ba66a6eee8ab987ccfbfdbcefadc4.npz,0.647594153881073,0.3511532247066498,0.3976629674434662,0.360516220331192,0.15067096054553986,0.08643439412117004,0.3976629674434662,0.08334513753652573,0.297468364238739,0.37974682450294495,0.8326995968818665,0.22539636492729187,0.18635685741901398,0.22718675434589386
2805ecbf568656eff77e968f27f55711.npz,0.7340536117553711,0.3383091390132904,0.3977794349193573,0.3486959636211395,0.1534448117017746,0.09101443737745285,0.3977794349193573,0.08983398973941803,0.3266666531562805,0.3700000047683716,0.6086956262588501,0.25134363770484924,0.1741180717945099,0.19577506184577942
ad690e1d0df849ee7983f69ab43e785c.npz,0.6321632862091064,0.34760355949401855,0.3898230791091919,0.35564401745796204,0.14372731745243073,0.0831596627831459,0.3898230791091919,0.079044871032238,0.31200000643730164,0.34599998593330383,0.5929487347602844,0.18242590129375458,0.14779065549373627,0.1876317858695984
3ccc6a9ca8d06cf18c0970ff60d4551a.npz,0.6771994233131409,0.34564295411109924,0.39099055528640747,0.3502916991710663,0.15718448162078857,0.08885446190834045,0.39099055528640747,0.0862744152545929,0.276729553937912,0.24528302252292633,0.5571955442428589,0.201181098818779,0.14446666836738586,0.21619068086147308
63248fdafd2df302b57a479289d76105.npz,0.6314278841018677,0.33985990285873413,0.39239493012428284,0.3528720438480377,0.1449647843837738,0.09299669414758682,0.39239493012428284,0.09126950800418854,0.7855072617530823,0.313043475151062,0.38311687111854553,0.22453153133392334,0.1451442390680313,0.20688948035240173
d7fc3c406dae05d72a3d932944cd4a39.npz,0.6824768781661987,0.344965398311615,0.40036541223526,0.35598841309547424,0.1472352296113968,0.0913703441619873,0.40036541223526,0.0905429869890213,0.29518070816993713,0.4849397540092468,0.529411792755127,0.2523394823074341,0.1801144927740097,0.18461182713508606
60c9ff5a174c41b84b9bf521045cb96e.npz,0.7038220167160034,0.34570151567459106,0.3907657861709595,0.3558003008365631,0.15146830677986145,0.08947459608316422,0.3907657861709595,0.08527885377407074,0.10355987399816513,0.4239482283592224,0.3195876181125641,0.23341061174869537,0.15774846076965332,0.23282718658447266
76a4ae03f3f94df78567023b069c89ef.npz,0.6488963961601257,0.3479872941970825,0.3978601098060608,0.3602418005466461,0.1593191772699356,0.08449415862560272,0.3978601098060608,0.07803228497505188,0.254593163728714,0.37532809376716614,0.8245614171028137,0.19442763924598694,0.14382164180278778,0.22543005645275116
5d669e1f9abdff1a282b924c828a9b0a.npz,0.7438987493515015,0.3395013213157654,0.3830546736717224,0.3530026376247406,0.15045465528964996,0.09359580278396606,0.3830546736717224,0.09244248270988464,0.23759791254997253,0.3498694598674774,0.7243816256523132,0.1772145926952362,0.13109458982944489,0.1996729075908661
60cdc2a04b344c7d1321c8e8c50897f4.npz,0.6125504970550537,0.3473232686519623,0.40088826417922974,0.3606872856616974,0.1396164894104004,0.08884283900260925,0.40088826417922974,0.08615399897098541,0.6811988949775696,0.4005449712276459,0.6081871390342712,0.22573556005954742,0.15486034750938416,0.22105084359645844
764ce4a3ca12a16cd55ce00881019287.npz,0.6196689009666443,0.3397243916988373,0.3944217264652252,0.352898508310318,0.1401078701019287,0.08893698453903198,0.3944217264652252,0.08842611312866211,0.7532467246055603,0.37012988328933716,0.2445414811372757,0.21182486414909363,0.1764373779296875,0.17435579001903534
e62c65f23653e8439a5176fe778cf8b1.npz,0.6115418672561646,0.3413340747356415,0.3848571479320526,0.35416364669799805,0.13940785825252533,0.09025105088949203,0.3848571479320526,0.08890951424837112,0.07999999821186066,0.1525000035762787,0.6262295246124268,0.213378444314003,0.14260657131671906,0.23476754128932953
c690e7144dc2484b1ff15ca6f2f94537.npz,0.7065027356147766,0.3420504927635193,0.3830602765083313,0.3396862745285034,0.16958703100681305,0.09249068051576614,0.3830602765083313,0.08737841248512268,0.08465608209371567,0.16137565672397614,0.7288135886192322,0.2020997703075409,0.15245920419692993,0.22880488634109497
1a51f9a55a0cd6f8f221a384206ed00e.npz,0.6993679404258728,0.34251469373703003,0.3967999517917633,0.3546988070011139,0.147762268781662,0.08661864697933197,0.3967999517917633,0.08351613581180573,0.08290155231952667,0.24870465695858002,0.68813556432724,0.21377147734165192,0.16956791281700134,0.21785320341587067
d039dd43c2b6fdb9c33d9a886017ada7.npz,0.6309475302696228,0.3455488681793213,0.39703860878944397,0.36026531457901,0.15233738720417023,0.08976593613624573,0.39703860878944397,0.08718413859605789,0.15492957830429077,0.34976527094841003,0.20735785365104675,0.2027520388364792,0.1361425817012787,0.22295792400836945
58be3713625882c3ff526ea5e5de3faa.npz,0.6727009415626526,0.3361988067626953,0.3831304609775543,0.3494003713130951,0.15469226241111755,0.09169024229049683,0.3831304609775543,0.08743485063314438,0.7556179761886597,0.43820226192474365,0.20198675990104675,0.2156224250793457,0.1705765724182129,0.21544042229652405
060e549637d08dd67050b0f27d56ba0b.npz,0.71363765001297,0.3429238796234131,0.38866856694221497,0.3553115427494049,0.14764858782291412,0.08556437492370605,0.38866856694221497,0.08189613372087479,0.31553396582603455,0.35679611563682556,0.727544903755188,0.20170468091964722,0.1365271508693695,0.20181412994861603
b4c66cb01e2407607fd5be9d897d38d3.npz,0.626305878162384,0.34576427936553955,0.38936135172843933,0.35006600618362427,0.14531254768371582,0.08832259476184845,0.38936135172843933,0.08580809831619263,0.6840490698814392,0.42944785952568054,0.7028112411499023,0.22334766387939453,0.13252997398376465,0.22104781866073608
beb7e1aeed9055886b19b905261fc63c.npz,0.677544116973877,0.34183168411254883,0.38551223278045654,0.3528757691383362,0.13651804625988007,0.08494870364665985,0.38551223278045654,0.08357575535774231,0.38343557715415955,0.32822084426879883,0.8456591367721558,0.21730823814868927,0.12978294491767883,0.23809777200222015
15df31b452c0c92bef1d60fd75a99df7.npz,0.6349425315856934,0.3406878411769867,0.3913262188434601,0.34950268268585205,0.1414899379014969,0.0948120728135109,0.3913262188434601,0.09333419799804688,0.5223880410194397,0.5422885417938232,0.737500011920929,0.20132538676261902,0.15146298706531525,0.22277383506298065
a77b5a7654310f555e04a046711b81b6.npz,0.6478295922279358,0.33172351121902466,0.3820793330669403,0.3341091573238373,0.15127648413181305,0.08764877170324326,0.3820793330669403,0.08406124264001846,0.23842592537403107,0.33564814925193787,0.8233532905578613,0.18561746180057526,0.12925265729427338,0.2253289669752121
5c7c0d703fd2e11764285315e2b7f7fd.npz,0.6414704322814941,0.3404541015625,0.3838161528110504,0.3421423137187958,0.15350699424743652,0.08775370568037033,0.3838161528110504,0.08367570489645004,0.2125813513994217,0.3882863223552704,0.6365979313850403,0.1833091378211975,0.1263928860425949,0.20406578481197357
e65babe52dbff77a3efa66066cc5d9bd.npz,0.6677374243736267,0.3428834080696106,0.3875092566013336,0.35030412673950195,0.15818461775779724,0.08428426831960678,0.3875092566013336,0.0778125748038292,0.28611111640930176,0.4972222149372101,0.8380062580108643,0.2237735539674759,0.16473332047462463,0.22500944137573242
c0f0e7479900bd05e349af2df690be73.npz,0.7100316286087036,0.3329225778579712,0.3705035448074341,0.3230259120464325,0.16886694729328156,0.08617356419563293,0.3705035448074341,0.08132319152355194,0.5333333611488342,0.35277777910232544,0.578181803226471,0.2053932100534439,0.11195910722017288,0.22777791321277618
539b7e3b33c85755c52a125a3f600c4e.npz,0.6692875027656555,0.34200650453567505,0.3866565525531769,0.3471193313598633,0.15059468150138855,0.085368312895298,0.3866565525531769,0.08061996102333069,0.6666666865348816,0.5277777910232544,0.7631579041481018,0.21963246166706085,0.15990033745765686,0.20242062211036682
350f68009d00a66a792de02eec87bd59.npz,0.6491288542747498,0.3413272202014923,0.38866695761680603,0.34341001510620117,0.14253298938274384,0.08742744475603104,0.38866695761680603,0.08403725177049637,0.08465608209371567,0.4047619104385376,0.6172506809234619,0.22717860341072083,0.1549324095249176,0.19625920057296753
2929c9d58614c92b0e658e2dd5503225.npz,0.6752136945724487,0.3322005271911621,0.3751733601093292,0.34297069907188416,0.1601281464099884,0.08841108530759811,0.3751733601093292,0.08259212225675583,0.529411792755127,0.5119825601577759,0.4111842215061188,0.1975659877061844,0.13517998158931732,0.21543028950691223
0eb838fa78eeca9c4b67ea4d0d37a82f.npz,0.6489035487174988,0.34084776043891907,0.39167219400405884,0.3516519367694855,0.1555664986371994,0.08658237755298615,0.39167219400405884,0.08058619499206543,0.15492957830429077,0.31690141558647156,0.6764705777168274,0.1866697520017624,0.11731059849262238,0.21453233063220978
c6c77fd425da262d6eeed53cff38cd91.npz,0.6984184980392456,0.3434315025806427,0.39150717854499817,0.35154029726982117,0.15770040452480316,0.09010547399520874,0.39150717854499817,0.08528807759284973,0.278372585773468,0.44111350178718567,0.6860068440437317,0.1762983649969101,0.1467992514371872,0.18863865733146667
4914d4c1f572df3ea2980744360222d5.npz,0.7480542659759521,0.346410870552063,0.3939501643180847,0.3600285053253174,0.14820143580436707,0.08648017048835754,0.3939501643180847,0.08254601061344147,0.3863636255264282,0.3928571343421936,0.8557376861572266,0.21706442534923553,0.14384759962558746,0.24502907693386078
860121cd3fe2f252911413653ab481e8.npz,0.7634310126304626,0.33903396129608154,0.3789961338043213,0.33257418870925903,0.14836858212947845,0.08088406920433044,0.3789961338043213,0.07442647963762283,0.1780104786157608,0.5863874554634094,0.5331325531005859,0.20809690654277802,0.18684592843055725,0.224748432636261
3b4c610fce3d4d723bc17986395af9ab.npz,0.7209464311599731,0.3401564061641693,0.39308109879493713,0.3542514145374298,0.15216468274593353,0.08886232227087021,0.39308109879493713,0.08516544103622437,0.7586206793785095,0.3655172288417816,0.2063492089509964,0.21666164696216583,0.1427168846130371,0.24064646661281586
e8ec84f7b36c66d9258b06951c75d06f.npz,0.644987165927887,0.344804972410202,0.39860111474990845,0.35280197858810425,0.16136392951011658,0.08901441097259521,0.39860111474990845,0.08420656621456146,0.16166281700134277,0.12702079117298126,0.6595091819763184,0.1890416145324707,0.1058829054236412,0.20548081398010254
e0ec2498c5d3676ad4fa2422108c088d.npz,0.690910816192627,0.3342988193035126,0.3818521797657013,0.3455933928489685,0.15210919082164764,0.086859330534935,0.3818521797657013,0.08579093962907791,0.08465608209371567,0.34656083583831787,0.6390977501869202,0.1899239867925644,0.12951277196407318,0.20543272793293
2da189e3c5b1c6758f6ead8e198fb116.npz,0.6248841285705566,0.3463992774486542,0.3974319398403168,0.3602268397808075,0.15051554143428802,0.09253747016191483,0.3974319398403168,0.09139201045036316,0.27100270986557007,0.08672086894512177,0.5689149498939514,0.23532740771770477,0.1518697738647461,0.2326110601425171
4b997575c629b5d7c8fe2396b6d21eb7.npz,0.642249345779419,0.34541448950767517,0.39195501804351807,0.34566086530685425,0.14604997634887695,0.08663404732942581,0.39195501804351807,0.08486627787351608,0.38141027092933655,0.40705129504203796,0.7392550110816956,0.21189309656620026,0.12873519957065582,0.210023894906044
53d9a24d85a380076126844ef31b88f4.npz,0.661115825176239,0.34064844250679016,0.38965123891830444,0.3465886414051056,0.15309226512908936,0.08905552327632904,0.38965123891830444,0.0859944298863411,0.7472222447395325,0.4972222149372101,0.20134228467941284,0.21367982029914856,0.13493603467941284,0.20985537767410278
06a54f06a8eba76e85bb38e167fbc353.npz,0.695214033126831,0.3342404067516327,0.38170599937438965,0.3413785696029663,0.16045229136943817,0.09321421384811401,0.38170599937438965,0.0908312052488327,0.09142857044935226,0.3742857277393341,0.6377358436584473,0.18058520555496216,0.1404821276664734,0.20511068403720856
362762bb95ee02942433d6616dde42d4.npz,0.6821057796478271,0.3445965647697449,0.39070451259613037,0.35905396938323975,0.1426536589860916,0.08779870718717575,0.39070451259613037,0.08438311517238617,0.294460654258728,0.6705539226531982,0.40780141949653625,0.23106026649475098,0.1862276941537857,0.21957194805145264
4a180383b08dffe4f83a10d3e5df82e8.npz,0.7038317918777466,0.347707062959671,0.3931276500225067,0.3605418801307678,0.14031203091144562,0.09163042157888412,0.3931276500225067,0.08911605179309845,0.3487738370895386,0.47411444783210754,0.7122302055358887,0.2212143987417221,0.15307140350341797,0.22609251737594604
007c1246c5fe6f200378f6b91323dc2a.npz,0.6261332035064697,0.3458896577358246,0.3976130783557892,0.36058539152145386,0.1416081190109253,0.088132843375206,0.3976130783557892,0.08553040027618408,0.1981707364320755,0.4664634168148041,0.7159532904624939,0.2517052888870239,0.1930435448884964,0.22844865918159485
d2cdfbcadca86bcb7365bc86d9c29132.npz,0.6350948810577393,0.34823882579803467,0.3996927738189697,0.3556883931159973,0.1430562287569046,0.08982312679290771,0.3996927738189697,0.08903839439153671,0.10094637423753738,0.2492113560438156,0.6388059854507446,0.21607902646064758,0.1484435498714447,0.20559197664260864
a226ad784059cb82107a479bab21dedf.npz,0.6188487410545349,0.35183730721473694,0.3965867757797241,0.36101680994033813,0.14643359184265137,0.08951380848884583,0.3965867757797241,0.08402790874242783,0.2684210538864136,0.31842106580734253,0.6592356562614441,0.20759311318397522,0.16083195805549622,0.20143282413482666
9f2e0344d97a73499ac3c2f364177660.npz,0.6634883284568787,0.3506890833377838,0.39587104320526123,0.36139100790023804,0.1549215167760849,0.09235061705112457,0.39587104320526123,0.08711293339729309,0.5674999952316284,0.35249999165534973,0.4365079402923584,0.1858847588300705,0.13273878395557404,0.20061351358890533
8e292f0453ad396f58287f0cf1c1a9ca.npz,0.7054676413536072,0.3487364649772644,0.39343518018722534,0.35628166794776917,0.16566938161849976,0.08590588718652725,0.39343518018722534,0.08022434264421463,0.4978448152542114,0.46336206793785095,0.18023255467414856,0.17817772924900055,0.14170460402965546,0.17259539663791656
310567602ee5b46a96cc8fad78defcd9.npz,0.6718797087669373,0.34407198429107666,0.38502147793769836,0.34554022550582886,0.1567111611366272,0.09152115881443024,0.38502147793769836,0.08793170005083084,0.7733812928199768,0.384892076253891,0.7392857074737549,0.2527035176753998,0.15271201729774475,0.23701125383377075
cd4f000784503503feb427133a49ca3a.npz,0.6486707329750061,0.3420472741127014,0.38557466864585876,0.3440078794956207,0.15379053354263306,0.0883558988571167,0.38557466864585876,0.08491877466440201,0.4005681872367859,0.33522728085517883,0.8561643958091736,0.23437610268592834,0.16168172657489777,0.23539096117019653
ed80c7303219ad3258cf8f21dd512a74.npz,0.710724413394928,0.3430056571960449,0.39769434928894043,0.3567037284374237,0.15481358766555786,0.0871151015162468,0.39769434928894043,0.08362963050603867,0.24500000476837158,0.29499998688697815,0.8239202499389648,0.21224217116832733,0.13639582693576813,0.22319822013378143
96c53b8f4795e8282883fcb73d1cf886.npz,0.7204141616821289,0.345903605222702,0.3982878029346466,0.35806193947792053,0.15140029788017273,0.08704046905040741,0.3982878029346466,0.08402564376592636,0.7074340581893921,0.38609111309051514,0.1794871836900711,0.1999261975288391,0.120852030813694,0.20019686222076416
997db0c429de7f0bbf782ceb282ea010.npz,0.6845659613609314,0.3499387204647064,0.3948861062526703,0.3609805703163147,0.1550573855638504,0.09415145963430405,0.3948861062526703,0.09308905154466629,0.3107142746448517,0.2928571403026581,0.5068027377128601,0.22464849054813385,0.15325342118740082,0.19762182235717773
67f4d62ea7f7e49a49fb782488e67c78.npz,0.6900747418403625,0.3374094069004059,0.3773282766342163,0.3411875069141388,0.17283594608306885,0.09123022109270096,0.3773282766342163,0.08508192002773285,0.17222222685813904,0.32499998807907104,0.6883116960525513,0.194146528840065,0.11752168089151382,0.19010856747627258
4870509d75603c7bd809595252a984d8.npz,0.7132192850112915,0.346091628074646,0.39170050621032715,0.357127845287323,0.15438252687454224,0.08508313447237015,0.39170050621032715,0.0792497992515564,0.5875576138496399,0.23963133990764618,0.2943262457847595,0.16927297413349152,0.1086435467004776,0.17939120531082153
ee7d43a9c214c33d1ca97b6e8b62dfed.npz,0.6941623091697693,0.3487433195114136,0.3940674960613251,0.3516709804534912,0.16025063395500183,0.09203144162893295,0.3940674960613251,0.0882837325334549,0.09065155684947968,0.38243627548217773,0.45038166642189026,0.22297550737857819,0.14600250124931335,0.2120407670736313
d91b127929d2cfbb0eab376c30c24a91.npz,0.6734784245491028,0.3452562689781189,0.3870214521884918,0.3428264856338501,0.1481712907552719,0.08602500706911087,0.3870214521884918,0.08409307897090912,0.574999988079071,0.42222222685813904,0.265625,0.2226949781179428,0.1321762651205063,0.20433470606803894
e50e25554d4aad665f9ffbc7a6605a18.npz,0.7575644254684448,0.3409324586391449,0.39625442028045654,0.3541015684604645,0.1478625237941742,0.08666539192199707,0.39625442028045654,0.08409158885478973,0.32777777314186096,0.2916666567325592,0.8071428537368774,0.18104419112205505,0.11634200066328049,0.2230408936738968
0b8afe447b5f1a2c405f41cf2fb1198e.npz,0.679491400718689,0.34262844920158386,0.40067821741104126,0.35382142663002014,0.15942980349063873,0.09193859994411469,0.40067821741104126,0.08742447197437286,0.25,0.46666666865348816,0.6066176295280457,0.18646816909313202,0.12559159100055695,0.19526523351669312
385558bb252ebdfa36176dd595b3c740.npz,0.6254460215568542,0.33708667755126953,0.3804284334182739,0.3357807695865631,0.14846239984035492,0.09030818939208984,0.3804284334182739,0.08781638741493225,0.6604361534118652,0.24922119081020355,0.7422360181808472,0.2147860825061798,0.1480267196893692,0.20870105922222137
f42f859925e385cfe8e44bc2a879f029.npz,0.6719539165496826,0.34990549087524414,0.3954634964466095,0.3587760627269745,0.16068534553050995,0.09163378924131393,0.3954634964466095,0.088260218501091,0.20333333313465118,0.41999998688697815,0.5288461446762085,0.22464300692081451,0.13387303054332733,0.23970240354537964
1cd64b69ba25e71b0dcef99e937907c0.npz,0.6556150913238525,0.35086438059806824,0.39391642808914185,0.3591877818107605,0.1517440676689148,0.09162966907024384,0.39391642808914185,0.0905894786119461,0.194888174533844,0.3130990266799927,0.6810035705566406,0.2097303867340088,0.14212802052497864,0.2230944186449051
56c9eb5234b8f4c51c3a14d93a47e448.npz,0.6371744275093079,0.34364521503448486,0.3911210596561432,0.34531012177467346,0.14304707944393158,0.08891883492469788,0.3911210596561432,0.0866788998246193,0.19335347414016724,0.44108760356903076,0.3458646535873413,0.2200717329978943,0.13676080107688904,0.22226117551326752
6df93d1a93e1fd9754f0a4e5252e95b6.npz,0.6935917139053345,0.34613552689552307,0.3954421579837799,0.35150375962257385,0.1571381688117981,0.08809728920459747,0.3954421579837799,0.08381150662899017,0.7949438095092773,0.5449438095092773,0.1986754983663559,0.23126018047332764,0.14874370396137238,0.20608600974082947
35972a9100f5290e53436a8249ecee26.npz,0.6678534746170044,0.3440285325050354,0.39346936345100403,0.3502828776836395,0.1559048742055893,0.08685965090990067,0.39346936345100403,0.08271580189466476,0.1122807040810585,0.3719298243522644,0.31864407658576965,0.2299351692199707,0.14717575907707214,0.234807550907135
2a988d75eee375a3cfe5c21b824a2c35.npz,0.7314026951789856,0.3463711440563202,0.39676594734191895,0.3579171895980835,0.13472597301006317,0.08980681747198105,0.39676594734191895,0.08881928026676178,0.30263158679008484,0.39802631735801697,0.7712418437004089,0.22735826671123505,0.14646412432193756,0.21782754361629486
536a1c7233594edd31b78bcdb429e831.npz,0.6891428828239441,0.34214770793914795,0.39703789353370667,0.355746328830719,0.15786348283290863,0.09329009056091309,0.39703789353370667,0.09037459641695023,0.6851311922073364,0.4577259421348572,0.8461538553237915,0.22269617021083832,0.18023154139518738,0.2356092780828476
11bba83081cc441e2c8bbaed2f84f8d6.npz,0.7269893884658813,0.3485340476036072,0.39856481552124023,0.36057138442993164,0.1705169975757599,0.09386910498142242,0.39856481552124023,0.08915737271308899,0.6194444298744202,0.39722222089767456,0.4082278609275818,0.17577549815177917,0.149931862950325,0.22155076265335083
